City,StateSan Leandro,CAColumbia,SCLibrary,PASunnyvale,CAWarren,MIWilmington,DEMontgomery Village,MDAgawam,MANew York,NYMildura,AUSTRALIAHolmes,PAToledo,OHLakewood,COLafayette,COPomona,NJPittsburg,CAGreenwood,INJacksonville,FLFayetteville,North CarolinaSolvang,CASan Diego,CADallas,TXIrvine,CAForth Worth,TXSapulpa,OKDallas,TXHempstead,NYMilan,ItalyFullerton,CANorth Bergen,NJBountiful,UTSan Marcos,CAMiami,FLColmar,PA"Santa Monica,",CAPembroke Pines,FLNewark,NJSomerset,NJInglewood,CALas Vegas,NVTempe,AZWest Chester,PAVerona,NJSan Diego,CAHamilton,NJMishawaka,INPorter,TXAnaheim,CASilver Spring,MDSan Jose,CASt. John's,NLNew Haven,CTChino Hills,CAEnfield,CTWindsor Locks,CTCedar City,UTFayetteville,NCAnaheim,CAColorado Springs,COLas Vegas,NVMaple Grove,MNLos Angeles,CAAntioch,CAGrand rapids,MIGilbert,AZCalgary,"Alberta, Canada"Irvine,CADubai,UAEWest Covina,CADover,DEWilliamsville,NYMontclair,CABig Spring,TXHawthorne,CAEscondido,CASan Leandro,CAAngola,INEncinitas,CALavon,TXPasadena,CAHolmes Beach,FLAntioch,CANew York,NYSan Jose,CAChalfont,PABrentwood,CAApple Valley,CAColorado Springs,COMadera,CASan Jose,CATracy,CATucson,AZScottsdale,AZPawling,NYSterling,VAVan Nuys,CAEast Lyme,CTRancho Cucamonga,CACalgary,ABArtesia,CASanta Monica,CaSartell,MNAshburn,VAAshburn,VAAshland,ORConifer,COAustin,TXMarietta,GATucker,GAAtlanta,GAOld Bridge,NJBelleville,NJPlacentia,CAMartinez,GAForest Hills,NYAurora,COAustin,TXAustin,TXSan Jose,CALivermore,CAChandler,AZParamus,NJNewton,MABala Cynwyd,PAPanama city,FLSurfside,FLAthens,ALDandridge,TNBarrington,ILPottstown,PAGarden City,MIWest Jordan,UTOttawa,ONFoothill Ranch,CASan Jose,CASan Mateo,CACalgary,AlbertaBuena Park,CASan Jose,CATorrance,CA"Phoenix,",AZBellevue,WABellflower,CANorth Ogden,UTFair Lawn,NJDesoto,TXLa Palma,CAChula Vista,CASanta Monica,CAPhoenix,AZArcadia,CADevon,PAColorado Springs,COSan Ramon,CAChandler,AZBlanchard,OKShillington,PABoca Raton,FLRaleigh,NCSan Ramon,CALaurel,MSEvans,GAWest Jordan,UTHendersonville,TNBrecksville,OHPleasanton,CAOrlando,FLLanham,MDOverland Park,KSSan Antonio,TXYpsilanti,MIBrickell,FLChandler,AZBurbank,CAPatchogue,NYAtlanta,GAGreenville,NCHolladay,UTMurrieta,CAVacaville,CADublin,IrelandNew Orleans,LAColumbus,OHDurham,NCSpring Valley,CACasa Grande,AZFayetteville,WVOgden,UTCatonsville,MDGlobe,AZStamford,CTNashua,NHNewark,NJFreehold,NJIrvine,CASomersworth,NHLafayette,COIonia,MINew York,NYUrbandale,IAWest Covina,CAMomence,ILChino Valley,AZCalgary,CanadaMilford,CTWilmington,DESacramento,CALafayette,LALanghorne,PASan Francisco,CASan Diego,CAClark,NJClarksville,TNTijuana,Baja Calif_MexicoPrince Rupert,BCSanta Maria,CAAthens,ALKingsport,TNTrafalgar,INIndianapolis,INTempe,AZFairmont,WVCompton,CAFarmington Hills,MIBowling Green,KYMilton,FLFarmers Branch,TXQueen Creek,AZSeldon,NY"South Jordan,",UTOrange,CACornelius,ORFort Saskatchewan,ABCorona,CaSeminole,FLMesquite,NVMesa,AZFort Worth,TXFredericksburg,VAPinole,CABarstow,CACranberry Twp.,PAWilmington,DECrosslake,MNWest Palm Beach,FLColumbus,OHMansfield,TXCulver,INFresno,CASaint Louis,MOLakewood,WADeLand,FLThiensville,WIDallas,TXChicago,ILLos Angeles,CADanbury,CTDayton,PARedwood City,CANew York,NYSacramento,CALake Charles,LAScottsdale,AZTomball,TXSequim,WAAuburn,CACincinnati,OhBerkeley,CADayton,OHIndependence,KYOceanside,CACosta Mesa,CABeaver Dam,WISanford,FLSeattle,WAEncinitas,CAGreenville,MSYork,PADubai,Duabi_UAEWest Palm Beach,FLNewark,DEDecorah,IAMonona,IAPrairie du Chien,WIPetaluma,CADowney,CASpokane,WABeverly Hills,CAOrlando,FLBoston,MAFlower Mound,TXOntario,CACovina,CAStockbridge,GAVallejo,CAKennesaw,GAChalfont,PAElk Grove,CAThousand Oaks,CAWestminster,MDCincinnati,OHNorth Hollywood,CARancho Mirage,CAPalm Desert,CALas Vegas,NVPhoenix,AZGranville,OHWindsor,OntarioSan Francisco,CAPawtucket,RICommerce City,COSalina,KSGreenville,RICasa Grande,AZEncino,CABroadview Heights,OHFairfield,CTElgin,ILPueblo,CODowney,CAMount Vernon,IABeverly Hills,CAPaterson,NJMilwaukee,WISalem,ORStoney Creek,OntarioNorthampton,MAVista,CANew York,NYCulver City,CAZanesville,OHNorth Haledon,NJCanton,MIPalo Alto,CASanta Monica,CABronx,NYOrem,UTNewburgh,NYLibertyville,ILPatchogue,NYCarlsbad,NMSimi Valley,CAToms River,NJLa Habra,CAPalmdale,CAPeoria,AZLos Angeles,CAIrvine,CALake Jackson,TXWilliamsburg,VABirmingham,MIDowney,CALong Beach,CAGlen Oaks,NYTustin,CAFanwood,NJEast Wenatchee,WACoral Springs,FLLos Anegels,CABrooklyn,NYWinter Springs,FLAtlanta,GAFreeport,ILGlendale,AZGlendale,CAThousand Oaks,CASan Diego,CALouisville,KYToronto,OntarioMonroe,NYThousand Oaks,CAOgden,UTGranada Hills,CADavis,CALebanon,ORTucson,AZSouth Jordan,UTOntario,CABrockton,MAMadisonville,LAPasadena,CALivonia,MILa Mesa,CAWestchester,CABethesda,MDHixson,TNLong Beach,NYDiamond Bar,CADanvers,MABellflower,CAMt. Prospect,ILBrentwood,NYRoswell,GAYpsilanti,MIFoothill Ranch,CAMonterey,CAMaple,OntarioBrewster,NYShawnee,OKDurham,NCLeague City,TXSuwanee,GAPerris,CAJoppa,MDSan Jose,CAEncino,CAArlington,VAHawthorne,CALos Angeles,90026Stockton,CAMalden,MATorrrance,CASpringfield,ORFairlawn,OHLake Charles,LAHallandale Beach,FLForest Hills,NYChicago,ILVidalia,GALos Angeles,CASand Springs,OKNew York,NYSpringfield,MOJoliet,ILThousand Oaks,CASanta Monica,CANorth Charleston,SCParlin,NJVan Nuys,CAPhiladelphia,PALansdale,PALindenwold,NJToronto,OntarioBrick,NJDurham,NCNorth Vancouver,BCHowell,MILa Mesa,CALake Mary,FLCentennial,COToluca Lake,CACharlotte,NCYonkers,NYFort McMurray,ABMt. Clemens,MIAstoria,NYSan Ramon,CALakewood,CAFresno,CANorthridge,CASan Francisco,CAOrange,CAWoodside,NYUnion City,CASan Gabriel,CADes Moines,IOWyomissing,PALexington,KYirvine,NYCharlottesville,VAMt. Washington,KYLa Mesa,CADublin,CACalgary,ABirvine,CAEast Bridgewater,MAirvine,AZNewport Beach,CAEastpointe,MIirvine,WAirvine,MDHouston,TXirvine,CAirvine,CAPensacola,FLOlney,MDAntelope,CA"Garden City, MI",MINY,NYYorktown Heights,NYirvine,NVDeltona,FLElmhurst,ILDesoto,TXFircrest,WAirvine,CAirvine,WAirvine,ILChicago,ILRoslyn Heights,NYCumming,GAFreeport,NYLaconia,NHirvine,CAClifton,NJirvine,DCDadeville,ALirvine,MDChicago,ILCincinnati,OHRego Park,NYHesperia,CAPlano,TXBrooklyn,NYirvine,CAGilbert,AZirvine,CAirvine,CASaginaw,MISaginaw,MICromwell,CTGurnee,ILWestlake Village,CANeptune Beach,FLLenoir,NCgarden city,MIElmhurst,ILRoebling,NJFlushing,MILa Crescenta,CAKITCHENER,OntarioMiami,FLirvine,TXFredericksburg,VASuffern,NYOxon Hills,MDMcLean,VAAlpharetta,GAirvine,CAFullerton,CAFullerton,CAFullerton,CAirvine,CACypress,TXCoral Gables,FLPalm City,FLGalt,CATitusville,FLGilbert,AZGrand Rapids,MIirvine,CABrandon,FLPittsburgh,PAirvine,CAWake Forest,NCAbingdon,VAirvine,WAColorado Springs,ColoradoGlendale,CAMission Viejo,CAWashington,DCWashington,DCMarion,KSGermantown,MDMorgan Hill,CAGilroy,CAGladstone,MOGlenview,ILGlendora,CAMachesney Park,ILRichmond,VANew York,NYFlorham Park,NJEl Dorado Hills,CAArlington,TXLos Alamitos,CAGranger,INRamona,CAPhiladelphia,PABedford,Nova ScotiaOxon Hill,MDYork,PAJersey City,NJPoughkeepsie,NYHayward,CASan Jose,CASouth Pasadena,CAPoway,CAVan Nuys,CASt. George,UTEscondido,CAIndianapolis,INGardena,CAHuntington Beach,CASeattle,WALakeway,TXElkins Park,PAPort Orchard,WALos Angeles,CAFlorham Park,NJLeesburg,VAMarkham,OntarioGreensburg,PACrossfield,AlbertaHighlands Ranch,CORoslyn,NYHiram,GAColmar,PANew Hyde Park,NYHolliston,MAHolly,MIPlano,TXWest Hollywood,CANew York,NYGlendale,CAHudson,MABloomington,ILHuntington Beach,CAHuntington,NYLa Jolla,CAHouston,TXElmwood Park,ILOverland Park,KSRandolph,NJLas Vegas,NVFort Wayne,INLa Verne,CASeoul,KOREAKeansburg,NJLombard,ILSanta Monica,CAEncino,CAIrvine,CALinden,NJBainbridge Island,WAFort Worth,TXRockford,ILMarion,OHBoston,MALexington Park,MDBellevue,WAModesto,CARichland,WACorpus Christi,TXManchester,MONorth Hollywood,CASunnyvale,CASweetwater,TXRedwood City/San Jose,CASan Diego,CALos Angeles,CAMidlothian,TXAustin,TXOgden,UTGardena,CASan Jose,CABethesda,MDHouston,TXWichita,KSVidalia,GAHouston,TXMiddletown,DEMonroe,WAFremont,CABeverly Hills,CALeonardtown,MDWashington,DCSan Diego,CABlacksburg,VACarmichael,CAHawaiian Gardens,CAAnaheim,CARichmond,VAGrove,OKHuntington Beach,CAWoodland Hills,CAKaty,TXNewmarket,ONBeverley Hills,MIHayward,CAChapel Hill,NCPort Jefferson Station,NYSherman Okas,CANewburgh,NYFullerton,CASouth Windsor,CTMission Viejo,CASanta Ana,CARedmond,WADallas,TXNew Smyrna Beach,FLPort Charlotte,FLHemet,CABrooklyn,NYMission Viejo,CASan Clemente,CALos Angeles,CALa Jolla,CALos Angeles,CAElk Grove,CABuffalo Grove,ILRochester,MNLittle Elm,TXLas Vegas,NVLa Habra,CABoca Raton,FLTustin,CAFalls Church,VACharlotte,NCLeawood,KSJacksonville,FlRound Hill,VAShawnee,KSSan Bruno,CAHonolulu,HIAlexandria,VASan Antonio,TXLibertyville,ILEscondido,CAShort Hills,NJLittleton,COAlhambra,CALivingston,NJDaytona Beach,FLLas Vegas,NVLone Tree,COAntioch,CANew Haven,CTGlen Ellyn,ILSan Diego,CALos Altos,CASan Pedro,CALexington,KYToledo,OHRiverside,CABerwyn,PAMesa,AZArabi ST.,U.A.E.Mammoth Lakes,CAMoon Twp,PAAustin,TXNorth Platte,NEMarble Falls,TXSilver Spring,MDBethesda,MDSan Pedro,CAGlendale,CAFramingham,MACarlsbad,CABoca Raton,FLAllentown,PAMoorestown,NJCaledonia,MNCharlotte,NCMason,OHGlenview,ILBridgeton,MOBrea,CASalem,ORWilmington,DETustin,CANorthridge,CADallas,TXMcCordsville,INAbington,PAWestminster,CARockville,MDMorristown,NJUkiah,CAMercerville,NJEast Point,GAKew Gardens,NYPasadena,TXHerndon,VAHouston,TXLake Forest,CAMiami,FLRoslyn Heights,NYTucson,AZSouth Elgin,ILSmithtown,NYEncinitas,CAMarkham,ONMill Creek,WANew York,NYRancho Cucamonga,CAOrlando,FLSan Francisco,CAHawthorne,CAMira Loma,CASan Diego,CASan Diego,CABrooklyn,NYAustin,TXMontrose,ColoradoPearland,TXLas Vegas,NVMurray,UTNew York,NYMurrieta,CATorrance,CAAnaheim,CAMyrtle Beach,SCSanta Monica,CANanuet,NYNaperville,ILSignal Hill,CAWaldorf,MDFeasterville,PATustin,CAGrand Rapids,MIIndianapolis,INMiami Beach,FLPleasanton,CABridgeport,CTNew Hyde Park,NYNorth Kansas City,MOSkokie,ILNorth Huntingdon,PACalgary,ABIrvine,CATempe,AZSanta Ana,CASlidell,LADallas,TXSan Jose,CAAlpharetta,GAIrvine,CAHuntington Beach,CAOld Bridge,NJOlney,MDDebery,FLFalmouth,MEArtesia,CAFalls Church,VAOrange,CASan Diego,CASanta Monica,CAPhoenix,AZLanghorne,PAGarner,NCNewport Beach,CAEl Cajon,CACamarillo,CAPainesville,OHRoseville,CACathedral City,CAPalm Springs,CASyracuse,NYRoyal Palm Beach,FLLouisville,KYWeehawken,NJWinter Park,FLPark City,UTIrvine,CASnellville,GAMinneapolis,MND-Fallon,MOAustell,GAPatchogue,NYRiverside,RILas Vegas,NVBurke,VASacramento,CADecatur,GASan Francisco,CABoise,IDFarmington Hills,MIPennington,NJSanta Clara,CASan Ramon,CAAllen,TXPeru,INSalem,NHElizabethtown,nyOrange,CAFargo,NDNorth Platte,NEDuluth,MNOrland Park,ILScottsdale,AZBeverly Hills,CAForest Park,ILPleasanton,CAPlymouth Meeting,PASan Diego,CAPort Wellness,NYPoway,CALos Angeles,CABrookline,MANorth Andover,MAOrlando,FLCroton On Hudson,NYRiverside,CANiles,ILEau Claire,WIAurora,COPeekskill,NYBarcelona,SpPuyallup,WALas Vegas,NVBarre,VTAugusta,GAAirway Heights,WARichardson,TXCarpentersville,ILSan Antonio,TXLyndhurst,OHEvergreen,COBartlesville,OKTemecula,CASan Francisco,CAMatteson,ILCulver City,CAPueblo,COOakland,CAEl Dorado Hills,CALas Vegas,NVSan Francisco,CAWillow Street,PADallas,TXMount Laurel,NJLake Worth,FLLewisville,TXMarietta,GAAberdeen,NJFoothill Ranch,CAMarina Del Rey,CAGlendora,CATemple City,CALomita,CAYoungsville,NCEncino,CATroy,MIRiverton,UTPort Saint Lucie,FLPort Orchard,WASioux Falls,SDPalm Harbor,FLSouth Weymouth,MARichboro,PARichboro,PACiudad Juarez,MexicoFarmington,MNBloomington,ILRoseville,CAPortland,ORBedford,MAColquitt,GeorgiaDorchester Center,MALongmont,CORockaway,NJRockdale,TexasAthens,TNOlathe,KSTukwila,WAHouston,TXPearland,TXMission Viejo,CASunnyvale,CANatick,MABaltimore,MDCypress,CASan Dimas,CASan Marcos,TXSan Rafael,CAClarksville,TNLebanon,ORKingsford,MISchaumburg,ILNorth Royalton,OHLancaster,PAGreenville,RIOld Bridge,NJBoca Raton,FLSan Diego,CARound Hill,VAWinnipeg,Manitobalancaster,txHouston,TXPlano,TXFarmington,ILFramingham,MANashville,TNSaline,MIShreveport,LAAlbuquerque,NMCameron Park,CARoseville,CACrystal Lake,IL"Newark,",DESlidell,LANorthbrook,ILFullerton,CAArbuckle,CANewark,DEBellflower,CAGlendale,CADade City,FLLongmont,COLubbock,TXGadsden,ALLivermore,CARiverside,CAEnglewood,NJLas Vegas,NVNewport Beach,CABartlett,TNMurphy,TXHuntsville,ALOrlando,FLLafayette,INMilpitas,CASaint Helens,ORGurnee,ILFresno,CAAlexandria,VAWoodland Hills,CASolon,OHPortland,ORSomerset,KYCampbell,CASan Diego,CAGardena,CAHuntington Beach,CANewport Beach,CADouglas,GARiverview,MIBellmore,NYWest Columbia,SCOntario,CASan Diego,CASan Diego,CAGranbury,TXBrandon,FLBuena Park,CAKitchener,ONCarmel,INHouston,TXAustin,TXColumbus,OHMount Kisco,NYStony Brook,NYFairlawn,OHHouston,TXRichmond,TXClackamas,ORSan Diego,CAPhoenix,AZBellevue,WALas Vegas,NVFlemington,NJIssaquah,WATallahassee,FLRockville,MDLauderhill,FloridaPhoenix,AZBellevue,WACumming,GA"Ottawa,",OntarioSan Diego,CAWestport,CTNY,NYArlington Heights,ILSautee,GANew York,NYNewton Centre,MAFremont,CACorona,CAPawling,NYCanaan,CTNaperville,ILMountain View,CASanta Maria,CAMission Hills,CAMurietta,CAClinton,IANorth Hollywood,CATooele,UTTorrance,CADowney,CAGilbert,AZCollegeville,PAHouston,TXDeSoto,TXTurlock,CAHiram,GATyler,TXMesa,AZRichmond,TXGermantown,MDHouston,TXDouglasville,GAManchester,NHPoulsbo,WADublin,CAPatterson,CAValley Village,CAGrand Rapids,MILas vegas,NVWilmington,DENew York,NYVidalia,GATehachapi,CADaly City,CARiverside,CADanville,VAWaco,TXChandler,AZWalnut,CAGreenville,NCWaukon,IAWenatchee,WAAustell,GAWestlake Village,CANew York,NYDearborn,MIMt. Kisco,NYWestlake Village,CAWestlock,ABWestlake,OHWheat Ridge,COStockbridge,MIWhite Plains,NYEl Sobrante,CATemple City,CABrooklyn,NYWilmington,MAEast Windsor,NJLaurel,MDLos Angeles,CAEatontown,NJMcAllen,TXWoodbury,MNRoseville,CAOrange,NJNew Rochelle,NYYork,PAFranklin,TNHiram,GABoise,IDPleasanton,CAWinona,MNFullerton,CAConway,ARMountain View,CAHowell,NJLincoln Park,PANew York,NYCockeysville,MarylandFremont,CABrooklyn,NYWaltham,MAHammond,LASanta Clara,CABirmingham,MINew York,NYMadisonville,LABarrington,ILBarrington,ILLaurel,MDSan Francisco,CALakeway,TXCumming,GACumming,GACumming,GABurnsville,MNCastaic,CAColumbia,SCColorado Springs,COWayland,NYWestminster,CAWestminster,CAGunter,TXAubrey,TXLeonard,TXMcKinney,TXSouth Jordan,UTFarmers Branch,TXPinole,CAPasadena,CABurbank,CAWestlake Village,CAToluca Lake,CAToluca Lake,CASan Francisco,CASan Francisco,CAHouston,TXHouston,TXFullerton,CAVan Nuys,CAQueens,NYDenton,TXSalem,NHTorrance,CAHuntington Park,CANorco,CANorthfield,ILMonroe,OHBoca Raton,FLHuntsville,ALSalt Lake CIty,UTTorrance,CAIrvine,CACompton,CANewburgh,NYEscondido,CAOrlando,FLMurrells Inlet,SCRichmond Hill,OntarioGoodlettsville,TNBurbank,CAHilliard,OHSanford,FLEast Helena,MTCorona,CAPowder Springs,GAUnion,SCUnion,SCLansdale,PAQuincy,MAStockbridge,GAIndianapolis,INGreensburg,PAHingham,MAFargo,NDMadison,ALMcKinney,TXIrvine,CAWoburn,MAChicago,ILSan Bernadino,CAChicago,ILNew York,NYBordentown,NJLos Angeles,CABelmont,CANY,NYFairfield,CTLake Forest,CABowie,MDVero Beach,FLTorrance,CACaldwell,IDBurke,VAColumbus,OHGarland,TXArvada,COTempe,AZFresno,CANorwood,PAHouston,TXOakland,CAPort Jefferson Station,NYSan Mateo,CASan Jose,CAKeller,TXBoston,MAIrvine,CASouth Plainfield,NJSpring Hill,TNWest Orange,NJLouisville,KYChampaign,ILOwasso,OKSan Jose,CAAustin,TXPiqua,OHRochester,MNSan Francisco,CAEl Dorado Hills,CACambridge,MALas Vegas,NVVaughan,OntarioCumming,GA"Bellingham,",WAFairfax,VAHolton,KSNewark,DEPhoenix,AZChapel Hill,NCVirginia Beach,VAVirginia Beach,VACleveland,OHPoway,CAPompano Beach,FLWhippany,NJMission Hills,CAGrand Junction,COSaddle Brook,NJSan Diego,CABettendorf,IAAnaheim,CALaguna Niguel,CAExton,PAMiami,FLSan Clemente,CACalgary,AlbertaScarsdale,NYBuffalo Grove,ILTarzana,CAPlantation,FLSanta Monica,CATowson,MDChino,CACarmel,INMilford,DELexington,KYFalls Church,VAFountain Valley,CASpringfield,MOValencia,CASan Clemente,CALemoore,CAMesa,AZPlantation,FLTampa,FLNewport Beach,CABerkeley,CAChicago,ILScottsdale,AZJasper,TXIrvine,CAPittsfield,MAColorado Springs,COMacon,GASan Jose,CADenver,COLeesburg,VANew Albany,INToronto,ONLos Angeles,CAIndianapolis,INThe Woodlands,TXSalt Lake CIty,UTCarmel,INHuntsville,ALMississauga,ONSimi Valley,CAWestlake Village,CAMcKinney,TXChino Hills,CABellflower,CAGrand Prairie,TXFairless Hills,PAPhiladelphia,PALanghorne,PALanghorne,PADenville,PANaperville,ILRiverview,FLHempstead,NYFresno,CAIrvine,CASalem,ORFullerton,CACedartown,GAWeehawken,NJWeehawken,NJWeehawken,NJNew York,NYNY,NYNY,NYAkron,OHWest Liberty,IAJackson,WYScarborough,ONNovi,MIRoswell,GAAthens,ALSierra Vista,AZNew Hope,ALSan Jose,CAFresno,CAPalm Springs,CAMoscow,IDBurbank,CASierra Vista,AZPetaluma,CASterling Heights,MISimi Valley,CAChillicothe,MOManchester,NHFredericksburg,VASalida,CACasper,WYCompton,CABillings,MTWest Hollywood,CAMontebello,CASeven Hills,OHCarlsbad,CAOxon Hill,MDConcord,CANew York,NYSugarland,TXSan Diego,CABridgeport,CTMiddle Village,NYLos Angeles,CAChickasha,OKLexington,SCCoral Springs,FLSouth St. Paul,MNLos Angeles,CALos Angeles,CAAlice,TXFairfield,CTFairfield,CTFairfield,CTManahawkin,NJOrlando,FLIrvine,CATemecula,CACarlstadt,NJNewport Beach,CALa Jolla,CALos Angeles,CAThird Lake,ILExton,PAAlvarado,TXLake Elsinore,CAMarion,ILDayton,OHWestborough,MALake Forest,CAHuntsville,ALPompano Beach,FLBuena Park,CANew York,NYBrea,CAIrvine,CABurbank,CALa Verne,CAEdison,NJDes Plaines,ILLudington,MISt. Louis,MOHemet,CABuffalo,NYEdison,NJDelray Beach,FLBrandon,FLBuckner,KYTucson,AZCorona,CAGreenbelt,MDFederal Way,WALos Angeles,CASt. Augustine,FLManchester,CTJamaica,NYFt. Worth,TXBellevue,WAAlpena,MINorcross,GAHouston,TXJonesboro,ARSt. Johns,FLSan Antonio,TXNorth Annandale,NJLoveland,OHChevy Chase,MDFlower Mound,TXElk Rapids,MIChevy Chase,MDColumbia,SCRolla,MOHenderson,NVNew York City,NYNew York City,NYTavares,FLMocksville,NCRio Grande City,TXDallas,TXHouston,TXKingston,NHOldwick,NJEscondido,CAFalcon,COIrvine,CAAustin,TXNorristown,PANew York,NYRedlands,CAAnaheim,CALincoln,NEIrving,TXWoodbridge,VABoise,IDBurke,VASan Jose,CAFrederick,MDGettysburg,PAArlington Heights,ILWinnetka,CAToronto,ONNashua,NHMinneapolis,MNOrleans,ONMadisonville,LADover,OHPinellas Park,FlRichboro,PAPlano,TXFederal Way,WASurfers Paradise,"Gold Coast, AUSTRALIA"Newark,DEWest Chester,OHAtlanta,GALos Angeles,CASanta Monica,CAGig Harbor,WAFort Myers,FLPortland,ORAstoria,NYBrooklyn,NYBrooklyn,NYChristiansburg,VAMidland,TXBethesda,MarylandMedford,ORColonia,NJRedmond,WAOakville,ON CanadaMacon,GAAustin,TXEliot,MEMiami,FLPalo Alto,CACandler,NCHockessin,DEWilmington,DEJersey City,NJNew York,NYGlenmills,PALogan,UTHouston,TXNY,NYFlorham Park,NJCorona,CAEncino,CAPort Coquitlam,BCHouston,TexasNaperville,ILCenterville,OHDanville,CABeverly Hills,CAFlushing,NYGarland,TXWalla Walla,WANY,NYManchester,CTPeoria,AZDallas,TXLanghorne,PAPortland,ORRochester,MNCharleston,SCCincinnati,OHHouston,TXHuntington,WVArtesia,NMPlano,TXMonroeville,PAIrvine,CARockville,MDAmarillo,TXPhiladelphia,PARaleigh,NCAltamonte Springs,FLLanghorne,PAAtlanta,GAKitchener,OntarioPasco,WATotowa,NJLa Mirada,CASanta Fe,NMSan Ramon,CASan Ramon,CASt. Thomas,US Virgin IslandsBellevue,WashingtonRichmond,kentuckyBurnaby,BCKingwood,TXLyndhurst,OHKingwood,TXJamaica,NYBrooklyn,NYBrentwood,TNTemecula,CARock Island,ILWestbury,NYOlympia Fields,ILMorganville,NJRochester,NYHuntsville,ALWaukegan,IL"Crown Heights, Brooklyn",NYMendham Borough,NJSterling Heights,MIHamilton,ONJersey City,NJBoca Raton,FLBoston,MAYorba Linda,CAAjax,ONBoston,MAAnaheim,CACorona,CAFresno,CADallas,TXNewtown Square,PAJasper,ALJacksonville,FLWashington,DCRockledge,FLClifton,NJPalos Heights,ILNewport Beach,CAMountain View,CASan Clemente,CAIrvine,CAFairfax,VATecumseh,OntarioNewport Beach,CASpokane,WAGermantown,MDBridgeton,MOLos Lunas,New MexicoNew Rochelle,NYIndianapolis,INRaleigh,NCFederal Way,WAApple Valley,MNSomerville,MAEtobicoke,CanadaWest Vancouver,BCBrentwood,TNRacine,WIPismo Beach,CAPhoenix,AZIrvine,CA"Gaithersburg,",MDThousand Oaks,CALaurel,MDDallas,TXAtlanta,GALivermore,CATigard,ORCastro Valley,CAAshland,VAIrvine,CAFrisco,TXElkhorn,WIReading,PAHuntington,NYBernardsville,NJLos Angeles,CATorrance,CASan Francisco,CAEdmond,OKSan Jose,CASouth Windsor,CTSouth Jordan,UTSandy,UTGlendale Heights,ILPleasanton,CAFremont,CA"Grand Forks,",NDFort Lauderdale,FLCotter,AROrange,CAWethersfield,CTTulsa,OK.,.Gainesville,FLBellflower,CADeSoto,TXBurke,VAMars,PATorrance,CASt. Simon’s Island,GAEvanston,ILNorfolk,VAGrand Forks,NDSan Antonio,TXSpringfield,VT"Eugene,",ORBoston,MASan Gabriel,CA"Chicago,",ILWest Covina,CAPhiladelphia,PAEagle River,AKAustin,TXSan Diego,CAFullerton,CAFresno,CAFresno,CAPhiladelphia,PAMississauga,ONWichita,KSBeverly Hills,CABrookline,MABelle Chasse,LAOrlando,FLCovina,CASan Bernardino,CAFontana,CALos Angeles,CA"Torrance,",CA"Alhambra,",CAWoodland Park,COScottsdale,AZTorrance,CAInglewood,CABoston,MASouth Boston,MAWestport,CTMiami,FlTujunga,CAPark City,UTSandy,UTPhiladelphia,PARocky Mount,NCLaguna Niguel,CAUnion,SCSan Jose,CABurlingame,CAGriffin,GA"Hoffman Estates,",ILOrange,CAPhoenix,AZWilmington,DEBuford,GAElk Grove,CAScottsdale,AZLeesburg,VACresskill,NJHuntington Beach,CAWoodbridge,VAAnaheim,CAVilla Park,CAHuntington Beach,CABrownsville,TXCentennial,COHuntington Beach,CAColumbus,OhioRoyse City,TXGreenwich,CTMonument,COWhitestone,NYOrlando,FLKingston,NYAthens,GASan Diego,CAOklahoma City,OKLittle Rock,AROakville,CanadaHialeah,FLReno,NVElkhart,INDallas,TX"Huntington Beach,",CAIrvine,CANashville,TNBrantford,ONBremerton,WAOntario,CARockledge,FLPrescott Valley,AZColumbus Grove,OH"Brainerd,",MNTampa,FLPowell,OHOshawa,OntarioBirmingham,MIOshawa,OntarioLas Vegas,NVBeverly Hills,CAAlexandria,VAScottsdale,AZPortland,ORNorco,CAPlainsboro,NJWeymouth,MAGlenview,ILColorado Springs,COMiddlesboro,KYMountain View,CAWest Palm Beach,FLirvine,CADurham,NCRaleigh,NCClinton,NCBladenboro,NCZebulon,NCIrvine,CAIrvine,CALancaster,CAChesapeake,VASanta Ana,CAJustin,TXWeymouth,MAIrvine,CALadera Ranch,CARockford,ILMcKinney,TXLake Forest,CA"Laguna Hills,",CAHouston,TXCarmel Valley,CAWoodbury,MN"Vancouver,",BCUniversity Campus of Manouba -,ManoubaLa Jolla,CAAliso Viejo,CALake Forest,ILPlattsburgh,NYWest Roxbury,MALaguna Hills,CAWatetown,MASanta Clara,CADayton (Kettering),OHMarblehead,MAMiami,FLAliso Viejo,CAPhiladelphia,PASouth Miami,FL"Calabasas,",CAVenice,FL.West Hartford,CT"Douglasville,",GALadera Ranch,CAIrvine,CAEl Paso,TX.Newport Beach,CATustin,CAMiddleboro,MAFort Worth,TXIdaho Falls,IDLincolnshire,ILDallas,TXNewport Beach,CANewport Beach,CAAnnapolis,MDDowney,CAKirkland,WAOrlando,FLMacon,GA.Waxahachie,TXColumbia,MDSalt Lake City,UTArllington,VAHuntington Beach,CADallas,TXSan Diego,CABoca Raton,FL.North Miami Beach,FLAustin,TXSpokane Valley,WAAllegany,NYEncino,CAPueblo,COHouston,TX.Hartford,CT.Dallas,TXNewport Beach,CANewport Beach,CANewport Beach,CAChicago,ILTorrance,CASan Diego,CAMukwnaso,WIFranklin,MABroadview Heights,OH.Little Falls,NJFullerton,CAPleasanton,CATolland,CTGlendora,CAGlendora,CADelafield,WISaline,MINewport Beach,CAGlnedora,CASherwood park,ABHouston,TXChino,CATustin,CARaleigh,NCEast Brunswick,NJMeridian,ID"Atlanta, GA.",GAVacaville,CACarmel,CAHighlands Ranch,COLone Tree,COCastle Rock,CORedwood City,CABellevue,WA.Las Vegas,NVSan Diego,CAMontebllo,CASanta Ana,CAAshburn,VAFremont,MI.Riverside,CASanta Ana,CAEncinitas,CA.Chicago,ILChino,CA.Chula Vista,CAChula Vista,CA.Cula Vista,CANewport Beach,CA.Bellbrook,OH.Downey,CA.Beverly Hills,CAAllentown,PAIrvine,CANewport Beach,CANewport Beach,CASan Diego,CASan Diego,CATampa,FLLincolnwood,IL.San Jose,CA.San Diego,CASchenectady,NYBoston,MAMission Viejo,CADaytona Beach,FLAustin,TXIrvine,CADowney,CAProvidence,RILos Angeles,CAWest Sacarmento,CAHuntsville,ALBlountstown,FLIndianapolis,INPlattsburgh,New YorkWest Hartford,CTLos Angeles,CANew London,CT"Torrance,",90505"Torrance,",CA"Torrance,",CA"Lake Forest,",CAFlower Mound,TXJacksonville,FLFort Lauderdale,FLIrvine,CAMission Viejo,CACoppell,TXIrvine,CADallas,TXBoston,MAIrvine,CAMt. Hood,ORNashua,NHHouston,TXGarland,TXIrvine,CAMiddletown,RIVista,CACarlsbad,CAFresno,CALeamington,ON"Irvine,",CAVanier,ONSalt Lake City,UTSalt Lake City,UTSan Antonio,TXIrvine,CaliforniaHayward,CALakewood,WALakewood,WAFresno,CAPhoenix,AZMission,TXMadisonville,LATorrance,CAHouston,TXKennewick,WAirvine,"Mission Viejo,",CA"Mission Viejo,",CA"Mission Viejo,",CA"Mission Viejo,",CAirvine,"Tustin,",CA"Santa Ana,",CA"Santa Ana,",CA"Irvine,",CA"Aneheim,",CA."Anaheim,",CAAnaheim,CA"Anaheim,",CA"Anaheim,",CAirvine,"Anaheim Hills,",CA"Anaheim,",CA"Anaheim Hills,",CA"Alta Loma,",CAirvine,"Brea,",CA"Brea,",CA"Brea,",CABrea,CA"Brea,",CAirvine,"Brea,",CA"Brea,",CAirvine,"Fullerton,",CA"Fullerton,",CA"Fullerton,",CA"Fullerton,",CA"Fullerton,",CA"Fullerton,",CA"Fullerton,",CA"Fullerton,",CAirvine,"Fullerton,",CA"Fullerton,",CA"Orange,",California"Placentia,",CA"Yorba Linda,",CA"Brea,",CA"West Los Angeles,",CALos Angeles,Fullerton,CA"Beverly Hills,",CAirvine,Newport Beach,CAirvine,"San Jose,",CA"Campbell,",CAirvine,"San Francisco,",CA"San Francisco,",CA"San Francisco,",CA"Campbell,",CA"San Francisco,",CA"Oakland,",CA"San Diego,",CA"Arcadia,",CA"Palo Alto,",CA"Mountain View,",Californiairvine,"San Francisco,",CA"Mountain View,",CA"Tustin,",CA"Tustin,",CA"Irvine,",CA"Fountain Valley,",CA"Costa Mesa,",CA"Brea,",CA"Los Angeles,",CA"Placentia,",CABeverly Hills,CA"Orange,",CA"La Jolla,",CA"San Antonio,",TX"San Diego,",Ca."San Diego,",CA"South  Orange,",CA"San Francisco,",California"Tustin,",CA"Irvine,",CA"Minneapolis,",MNOrange,CA"Riverside,",CA"Irvine,",CA"Mission Viejo,",CA"Newport Beach,",CA"Newport Beach,",CA"Laguna Beach,",CA"Fullerton,",CA"Newport Beach,",CA"Huntington Beach,",CA"Irvine,",CA"Santa Ana,",CA"Newport Beach,",CA"Roanoke,",VA"Laguna Woods,",CA"Fullerton,",CA"Newport Beach,",CA"Sunnyvale,",CA"San Jose,",CA"San Francisco,",CA"San Francisco,",CA"San Jose,",CA"San Francisco,",CA"San Francisco,",CA"Oakland,",CA"San Jose,",CA"Laguna Woods,",CA"San Jose,",CA"San Francisco,",CA"San Francisco,",CA"San Jose,",CA"San Jose,",CA"Cupertino,",CA"San Francisco,",CA"San Jose,",CA"San Francisco,",CA"San Jose,",CA"Hayward,",CA"San Francisco,",CA"Palo Alto,",CA"Rodeo,",CA"Oakland,",CA"Dublin,",CA"San Francisco,",CA"SAN FRANCISCO,",CASan Jose,CA"San Francisco,",CA"Redwood City,",CA"San Francisco,",CA"San Francisco,",CA"San Jose,",CA"San Francisco,",CA"San Francisco,",CA"San Francisco,",CA"San Jose,",CA"San Francisco,",CA"San Francisco,",CA"San Jose,",CA"San Francisco,",CASan Jose,CA"San Francisco,",CA"San Francisco,",CA"SAN FRANCISCO,",CA"Santa Cruz,",CA"Oakland,",CA"San Jose,",CA"San Francisco,",CA"San Jose,",CA"San Jose,",CA"San Jose,",CA"San Jose,",CA"Los Altos,",CA"San Jose,",CA"Cupertino,",CA"San Francisco,",CASan Jose,CA"San Jose,",CA"San Francisco,",CA"San Diego,",CA"San Diego,",CA"San Diego,","CA,""San Diego,",CAHollywood,FLRochester,MNScottsdale,AzWorcester,MAHuntington Beach,CATorrance,CATorrance,CATorrance,caWaterbury,CT"Hartford,",CTHickory Creek,TXErin,TNOrange,CANewport Beach,CAKanata,ONOttawa,CanadaAtlanta,GAIrvine,CADallas,TXDallas,TXFullerton,CATijuana B.C.,MexicoBoston,MAWaterbury,CTBowling Green,KYHarrisonburg,VAValparaiso,INStockbridge,GAKemmerer,WYIrvine,CAIrvine,CAIrvine,CA"Ashland,",VAAshland,VirginiaDallas,TXDallas,TXBURBANK,caAnderson,INLakewood Ranch,FloridaBradenton,FLLos Angeles,CASan Francisco,CAGlen Ellen,CASan Francisco,CASan Juan Capistrano,CAVenice,FLMission Viejo,California"LA,",CAWalnut Creek,CADallas,TXSanta Ana,CAMorgantown,KYLos Angeles,CAEast Draper,UtahIrvine,CA"Boston,",MAIrvine,CANewport Beach,CASeattle,WAPowell,OHScottsdale,AZ"SHELBY TOWNSHIP,",MIRolling Hills Estates,CAMission Viejo,CAMission Viejo,CABoston,MABeverly Hills,CASan Juan Capistrano,CAEngelwood,COAustin,TXTustin,CA